frame,keep,reference,reason,score,changed_fraction,local_change,mask_area,fallback,source_time_s,output_frame
0,True,-1,first,0.0,0.0,0.0,0.36256510416666665,True,0.0,0
1,False,-1,pre_skip,0.0,0.0,0.0,0.0,False,0.016667,
2,False,-1,pre_skip,0.0,0.0,0.0,0.0,False,0.033333,
3,False,0,held,0.0,0.0,0.0,0.3625260416666667,False,0.05,
4,False,0,pre_skip,0.0,0.0,0.0,0.0,False,0.066667,
5,False,0,pre_skip,0.0,0.0,0.0,0.0,False,0.083333,
6,True,0,motion,3.2169117647058822,0.044756482633240835,0.4399999976158142,0.361953125,False,0.1,1
7,False,0,pre_skip,0.0,0.0,0.0,0.0,False,0.116667,
8,False,0,pre_skip,0.0,0.0,0.0,0.0,False,0.133333,
9,True,6,motion,7.665033124245159,0.1379705962364129,0.9202454090118408,0.3655685763888889,False,0.15,2
10,False,6,pre_skip,0.0,0.0,0.0,0.0,False,0.166667,
11,False,6,pre_skip,0.0,0.0,0.0,0.0,False,0.183333,
12,True,9,motion,6.062734174751407,0.10912921514552534,0.6449999809265137,0.3655251736111111,False,0.2,3
13,False,9,pre_skip,0.0,0.0,0.0,0.0,False,0.216667,
14,False,9,pre_skip,0.0,0.0,0.0,0.0,False,0.233333,
15,True,12,motion,7.440423619370615,0.1339276251486711,1.0,0.3655598958333333,False,0.25,4
16,False,12,pre_skip,0.0,0.0,0.0,0.0,False,0.266667,
17,False,12,pre_skip,0.0,0.0,0.0,0.0,False,0.283333,
18,True,15,motion,3.2169117647058822,0.04656095942358741,0.4650000035762787,0.3656467013888889,False,0.3,5
19,False,15,pre_skip,0.0,0.0,0.0,0.0,False,0.316667,
20,False,15,pre_skip,0.0,0.0,0.0,0.0,False,0.333333,
21,True,18,motion,3.1249999999999996,0.04224284004597538,0.4000000059604645,0.3655295138888889,False,0.35,6
22,False,18,pre_skip,0.0,0.0,0.0,0.0,False,0.366667,
23,False,18,pre_skip,0.0,0.0,0.0,0.0,False,0.383333,
24,True,21,motion,7.892780877998135,0.14207005580396645,1.0,0.36409722222222224,False,0.4,7
25,False,21,pre_skip,0.0,0.0,0.0,0.0,False,0.416667,
26,False,21,pre_skip,0.0,0.0,0.0,0.0,False,0.433333,
27,True,24,motion,6.204052926797992,0.11167295268236387,0.6600000262260437,0.3637065972222222,False,0.45,8
28,False,24,pre_skip,0.0,0.0,0.0,0.0,False,0.466667,
29,False,24,pre_skip,0.0,0.0,0.0,0.0,False,0.483333,
30,True,27,motion,7.629263382829348,0.13732674089092828,0.8924999833106995,0.36401475694444446,False,0.5,9
31,False,27,pre_skip,0.0,0.0,0.0,0.0,False,0.516667,
32,False,27,pre_skip,0.0,0.0,0.0,0.0,False,0.533333,
33,True,30,motion,3.4007352941176467,0.047459686063406614,0.45249998569488525,0.3637890625,False,0.55,10
34,False,30,pre_skip,0.0,0.0,0.0,0.0,False,0.566667,
35,False,30,pre_skip,0.0,0.0,0.0,0.0,False,0.583333,
36,True,33,motion,3.5845588235294117,0.042016506484690415,0.4675000011920929,0.3639409722222222,False,0.6,11
37,False,33,pre_skip,0.0,0.0,0.0,0.0,False,0.616667,
38,False,33,pre_skip,0.0,0.0,0.0,0.0,False,0.633333,
39,True,36,motion,8.049193830639961,0.14488548895151931,0.8974999785423279,0.36451822916666665,False,0.65,12
40,False,36,pre_skip,0.0,0.0,0.0,0.0,False,0.666667,
41,False,36,pre_skip,0.0,0.0,0.0,0.0,False,0.683333,
42,True,39,motion,6.260533758841097,0.11268960765913977,0.6075000166893005,0.3640321180555556,False,0.7,13
43,False,39,pre_skip,0.0,0.0,0.0,0.0,False,0.716667,
44,False,39,pre_skip,0.0,0.0,0.0,0.0,False,0.733333,
45,True,42,motion,7.65028832513495,0.1377051898524291,0.9506173133850098,0.36374131944444443,False,0.75,14
46,False,42,pre_skip,0.0,0.0,0.0,0.0,False,0.766667,
47,False,42,pre_skip,0.0,0.0,0.0,0.0,False,0.783333,
48,True,45,motion,3.0330882352941173,0.04834866320354573,0.4300000071525574,0.36352430555555554,False,0.8,15
49,False,45,pre_skip,0.0,0.0,0.0,0.0,False,0.816667,
50,False,45,pre_skip,0.0,0.0,0.0,0.0,False,0.833333,
51,True,48,motion,2.4816176470588234,0.04192502146332157,0.44999998807907104,0.3633810763888889,False,0.85,16
52,False,48,pre_skip,0.0,0.0,0.0,0.0,False,0.866667,
53,False,48,pre_skip,0.0,0.0,0.0,0.0,False,0.883333,
54,True,51,motion,8.005871323669894,0.1441056838260581,0.9181286692619324,0.3630295138888889,False,0.9,17
55,False,51,pre_skip,0.0,0.0,0.0,0.0,False,0.916667,
56,False,51,pre_skip,0.0,0.0,0.0,0.0,False,0.933333,
57,True,54,motion,6.406559298460542,0.11531806737228978,0.6349999904632568,0.36225260416666666,False,0.95,18
58,False,54,pre_skip,0.0,0.0,0.0,0.0,False,0.966667,
59,False,54,pre_skip,0.0,0.0,0.0,0.0,False,0.983333,
60,True,57,motion,8.626078012500988,0.1552694042250178,0.9698795080184937,0.36319444444444443,False,1.0,19
61,False,57,pre_skip,0.0,0.0,0.0,0.0,False,1.016667,
62,False,57,pre_skip,0.0,0.0,0.0,0.0,False,1.033333,
63,True,60,motion,2.4816176470588234,0.04462847392098135,0.45500001311302185,0.3630859375,False,1.05,20
64,False,60,pre_skip,0.0,0.0,0.0,0.0,False,1.066667,
65,False,60,pre_skip,0.0,0.0,0.0,0.0,False,1.083333,
66,True,63,motion,2.941176470588235,0.04461876447692051,0.45500001311302185,0.36249131944444446,False,1.1,21
67,False,63,pre_skip,0.0,0.0,0.0,0.0,False,1.116667,
68,False,63,pre_skip,0.0,0.0,0.0,0.0,False,1.133333,
69,True,66,motion,8.74134407729744,0.15734419339135391,0.9725000262260437,0.3622222222222222,False,1.15,22
70,False,66,pre_skip,0.0,0.0,0.0,0.0,False,1.166667,
71,False,66,pre_skip,0.0,0.0,0.0,0.0,False,1.183333,
72,True,69,motion,6.3756417516796535,0.11476155153023378,0.6650000214576721,0.36128038194444445,False,1.2,23
73,False,69,pre_skip,0.0,0.0,0.0,0.0,False,1.216667,
74,False,69,pre_skip,0.0,0.0,0.0,0.0,False,1.233333,
75,True,72,motion,8.38894184938036,0.15100095328884652,0.9800000190734863,0.361484375,False,1.25,24
76,False,72,pre_skip,0.0,0.0,0.0,0.0,False,1.266667,
77,False,72,pre_skip,0.0,0.0,0.0,0.0,False,1.283333,
78,True,75,motion,2.941176470588235,0.04731252397391638,0.45500001311302185,0.3614236111111111,False,1.3,25
79,False,75,pre_skip,0.0,0.0,0.0,0.0,False,1.316667,
80,False,75,pre_skip,0.0,0.0,0.0,0.0,False,1.333333,
81,True,78,motion,2.519348087040745,0.045348265566733416,0.4300000071525574,0.3611935763888889,False,1.35,26
82,False,78,pre_skip,0.0,0.0,0.0,0.0,False,1.366667,
83,False,78,pre_skip,0.0,0.0,0.0,0.0,False,1.383333,
84,True,81,motion,8.71622141097935,0.1568919853976283,0.9725000262260437,0.36125,False,1.4,27
85,False,81,pre_skip,0.0,0.0,0.0,0.0,False,1.416667,
86,False,81,pre_skip,0.0,0.0,0.0,0.0,False,1.433333,
87,True,84,motion,6.560625856537252,0.11809126541767054,0.6800000071525574,0.3602734375,False,1.45,28
88,False,84,pre_skip,0.0,0.0,0.0,0.0,False,1.466667,
89,False,84,pre_skip,0.0,0.0,0.0,0.0,False,1.483333,
90,True,87,motion,8.18045913945148,0.14724826451012668,0.9826589822769165,0.35975694444444445,False,1.5,29
91,False,87,pre_skip,0.0,0.0,0.0,0.0,False,1.516667,
92,False,87,pre_skip,0.0,0.0,0.0,0.0,False,1.533333,
93,True,90,motion,2.756563149990764,0.04961813669983376,0.41499999165534973,0.3597092013888889,False,1.55,30
94,False,90,pre_skip,0.0,0.0,0.0,0.0,False,1.566667,
95,False,90,pre_skip,0.0,0.0,0.0,0.0,False,1.583333,
96,True,93,motion,2.849264705882353,0.04740637301520423,0.48249998688697815,0.35985243055555555,False,1.6,31
97,False,93,pre_skip,0.0,0.0,0.0,0.0,False,1.616667,
98,False,93,pre_skip,0.0,0.0,0.0,0.0,False,1.633333,
99,True,96,motion,8.854556654824302,0.15938201978683744,0.9661017060279846,0.36029079861111113,False,1.65,32
100,False,96,pre_skip,0.0,0.0,0.0,0.0,False,1.666667,
101,False,96,pre_skip,0.0,0.0,0.0,0.0,False,1.683333,
102,True,99,motion,6.611800939448697,0.11901241691007657,0.6524999737739563,0.35965277777777777,False,1.7,33
103,False,99,pre_skip,0.0,0.0,0.0,0.0,False,1.716667,
104,False,99,pre_skip,0.0,0.0,0.0,0.0,False,1.733333,
105,True,102,motion,8.476955294255387,0.15258519529659698,0.9938271641731262,0.35737847222222224,False,1.75,34
106,False,102,pre_skip,0.0,0.0,0.0,0.0,False,1.766667,
107,False,102,pre_skip,0.0,0.0,0.0,0.0,False,1.783333,
108,True,105,motion,2.941176470588235,0.05245543834121499,0.4724999964237213,0.35723524305555554,False,1.8,35
109,False,105,pre_skip,0.0,0.0,0.0,0.0,False,1.816667,
110,False,105,pre_skip,0.0,0.0,0.0,0.0,False,1.833333,
111,True,108,motion,3.1249999999999996,0.04772302690637358,0.4350000023841858,0.356484375,False,1.85,36
112,False,108,pre_skip,0.0,0.0,0.0,0.0,False,1.866667,
113,False,108,pre_skip,0.0,0.0,0.0,0.0,False,1.883333,
114,True,111,motion,9.0433365838781,0.16278005850980581,0.9578313231468201,0.35629340277777777,False,1.9,37
115,False,111,pre_skip,0.0,0.0,0.0,0.0,False,1.916667,
116,False,111,pre_skip,0.0,0.0,0.0,0.0,False,1.933333,
117,True,114,motion,6.815689036211382,0.1226824026518049,0.6474999785423279,0.35574652777777777,False,1.95,38
118,False,114,pre_skip,0.0,0.0,0.0,0.0,False,1.966667,
119,False,114,pre_skip,0.0,0.0,0.0,0.0,False,1.983333,
120,True,117,motion,8.825528857262295,0.15885951943072132,0.8633540272712708,0.35954427083333335,False,2.0,39
121,False,117,pre_skip,0.0,0.0,0.0,0.0,False,2.016667,
122,False,117,pre_skip,0.0,0.0,0.0,0.0,False,2.033333,
123,True,120,motion,2.810211013510166,0.050583798243182994,0.4625000059604645,0.3595095486111111,False,2.05,40
124,False,120,pre_skip,0.0,0.0,0.0,0.0,False,2.066667,
125,False,120,pre_skip,0.0,0.0,0.0,0.0,False,2.083333,
126,True,123,motion,2.7573529411764706,0.048850713184271394,0.45500001311302185,0.35933159722222224,False,2.1,41
127,False,123,pre_skip,0.0,0.0,0.0,0.0,False,2.116667,
128,False,123,pre_skip,0.0,0.0,0.0,0.0,False,2.133333,
129,True,126,motion,8.953984662438359,0.16117172392389048,0.9629629850387573,0.3603472222222222,False,2.15,42
130,False,126,pre_skip,0.0,0.0,0.0,0.0,False,2.166667,
131,False,126,pre_skip,0.0,0.0,0.0,0.0,False,2.183333,
132,True,129,motion,6.779690425947948,0.12203442766706307,0.6600000262260437,0.36027777777777775,False,2.2,43
133,False,129,pre_skip,0.0,0.0,0.0,0.0,False,2.216667,
134,False,129,pre_skip,0.0,0.0,0.0,0.0,False,2.233333,
135,True,132,motion,8.837315817550992,0.1590716847159179,1.0,0.3611501736111111,False,2.25,44
136,False,132,pre_skip,0.0,0.0,0.0,0.0,False,2.266667,
137,False,132,pre_skip,0.0,0.0,0.0,0.0,False,2.283333,
138,True,135,motion,2.9325082818676793,0.05278514907361823,0.48750001192092896,0.3604861111111111,False,2.3,45
139,False,135,pre_skip,0.0,0.0,0.0,0.0,False,2.316667,
140,False,135,pre_skip,0.0,0.0,0.0,0.0,False,2.333333,
141,True,138,motion,2.849264705882353,0.04838593370670384,0.49000000953674316,0.360390625,False,2.35,46
142,False,138,pre_skip,0.0,0.0,0.0,0.0,False,2.366667,
143,False,138,pre_skip,0.0,0.0,0.0,0.0,False,2.383333,
144,True,141,motion,9.274325412967704,0.16693785743341868,1.0,0.3576605902777778,False,2.4,47
145,False,141,pre_skip,0.0,0.0,0.0,0.0,False,2.416667,
146,False,141,pre_skip,0.0,0.0,0.0,0.0,False,2.433333,
147,True,144,motion,6.856083339039463,0.12340950010271035,0.6949999928474426,0.35800347222222223,False,2.45,48
148,False,144,pre_skip,0.0,0.0,0.0,0.0,False,2.466667,
149,False,144,pre_skip,0.0,0.0,0.0,0.0,False,2.483333,
150,True,147,motion,8.837868072075246,0.15908162529735445,0.8949999809265137,0.35875,False,2.5,49
151,False,147,pre_skip,0.0,0.0,0.0,0.0,False,2.516667,
152,False,147,pre_skip,0.0,0.0,0.0,0.0,False,2.533333,
153,True,150,motion,3.0330882352941173,0.05186062532480874,0.4325000047683716,0.35812065972222223,False,2.55,50
154,False,150,pre_skip,0.0,0.0,0.0,0.0,False,2.566667,
155,False,150,pre_skip,0.0,0.0,0.0,0.0,False,2.583333,
156,True,153,motion,2.7573529411764706,0.049288193814482864,0.4925000071525574,0.35809461805555554,False,2.6,51
157,False,153,pre_skip,0.0,0.0,0.0,0.0,False,2.616667,
158,False,153,pre_skip,0.0,0.0,0.0,0.0,False,2.633333,
159,True,156,motion,9.642413283621098,0.17356343910517977,0.9424999952316284,0.3597005208333333,False,2.65,52
160,False,156,pre_skip,0.0,0.0,0.0,0.0,False,2.666667,
161,False,156,pre_skip,0.0,0.0,0.0,0.0,False,2.683333,
162,True,159,motion,6.784600460190329,0.12212280828342593,0.6775000095367432,0.3592447916666667,False,2.7,53
163,False,159,pre_skip,0.0,0.0,0.0,0.0,False,2.716667,
164,False,159,pre_skip,0.0,0.0,0.0,0.0,False,2.733333,
165,True,162,motion,9.169667491310596,0.16505401484359075,0.9216867685317993,0.35845920138888887,False,2.75,54
166,False,162,pre_skip,0.0,0.0,0.0,0.0,False,2.766667,
167,False,162,pre_skip,0.0,0.0,0.0,0.0,False,2.783333,
168,True,165,motion,3.0111867096893743,0.05420136077440874,0.48500001430511475,0.3583637152777778,False,2.8,55
169,False,165,pre_skip,0.0,0.0,0.0,0.0,False,2.816667,
170,False,165,pre_skip,0.0,0.0,0.0,0.0,False,2.833333,
171,True,168,motion,3.4007352941176467,0.051193672447572745,0.4724999964237213,0.3579904513888889,False,2.85,56
172,False,168,pre_skip,0.0,0.0,0.0,0.0,False,2.866667,
173,False,168,pre_skip,0.0,0.0,0.0,0.0,False,2.883333,
174,True,171,motion,9.456889828969436,0.17022401692144987,0.9298245906829834,0.3575347222222222,False,2.9,57
175,False,171,pre_skip,0.0,0.0,0.0,0.0,False,2.916667,
176,False,171,pre_skip,0.0,0.0,0.0,0.0,False,2.933333,
177,True,174,motion,6.972760992870614,0.12550969787167107,0.6875,0.3571875,False,2.95,58
178,False,174,pre_skip,0.0,0.0,0.0,0.0,False,2.966667,
179,False,174,pre_skip,0.0,0.0,0.0,0.0,False,2.983333,
180,True,177,motion,10.031717045509154,0.1805709068191648,0.9775000214576721,0.35803385416666667,False,3.0,59
181,False,177,pre_skip,0.0,0.0,0.0,0.0,False,3.016667,
182,False,177,pre_skip,0.0,0.0,0.0,0.0,False,3.033333,
183,True,180,motion,3.043209951236039,0.05477777912224871,0.5199999809265137,0.35747829861111113,False,3.05,60
184,False,180,pre_skip,0.0,0.0,0.0,0.0,False,3.066667,
185,False,180,pre_skip,0.0,0.0,0.0,0.0,False,3.083333,
186,True,183,motion,2.8753250455130943,0.051755850819235706,0.48500001430511475,0.35811631944444444,False,3.1,61
187,False,183,pre_skip,0.0,0.0,0.0,0.0,False,3.116667,
188,False,183,pre_skip,0.0,0.0,0.0,0.0,False,3.133333,
189,True,186,motion,10.27959758851746,0.1850327565933143,0.9900000095367432,0.3559939236111111,False,3.15,62
190,False,186,pre_skip,0.0,0.0,0.0,0.0,False,3.166667,
191,False,186,pre_skip,0.0,0.0,0.0,0.0,False,3.183333,
192,True,189,motion,7.033350100331552,0.12660030180596796,0.6875,0.35108940972222225,False,3.2,63
193,False,189,pre_skip,0.0,0.0,0.0,0.0,False,3.216667,
194,False,189,pre_skip,0.0,0.0,0.0,0.0,False,3.233333,
195,True,192,motion,10.151783551974573,0.18273210393554232,0.9925000071525574,0.3506076388888889,False,3.25,64
196,False,192,pre_skip,0.0,0.0,0.0,0.0,False,3.266667,
197,False,192,pre_skip,0.0,0.0,0.0,0.0,False,3.283333,
198,True,195,motion,3.1469198475534856,0.05664455725596275,0.5049999952316284,0.3494878472222222,False,3.3,65
199,False,195,pre_skip,0.0,0.0,0.0,0.0,False,3.316667,
200,False,195,pre_skip,0.0,0.0,0.0,0.0,False,3.333333,
201,True,198,motion,2.849264705882353,0.05127220949668792,0.4950000047683716,0.3493012152777778,False,3.35,66
202,False,198,pre_skip,0.0,0.0,0.0,0.0,False,3.366667,
203,False,198,pre_skip,0.0,0.0,0.0,0.0,False,3.383333,
204,True,201,motion,10.365645524122074,0.18658161943419738,0.9599999785423279,0.34641927083333335,False,3.4,67
205,False,201,pre_skip,0.0,0.0,0.0,0.0,False,3.416667,
206,False,201,pre_skip,0.0,0.0,0.0,0.0,False,3.433333,
207,True,204,motion,7.028864315252572,0.1265195576745463,0.7024999856948853,0.3439496527777778,False,3.45,68
208,False,204,pre_skip,0.0,0.0,0.0,0.0,False,3.466667,
209,False,204,pre_skip,0.0,0.0,0.0,0.0,False,3.483333,
210,True,207,motion,9.951064194703092,0.17911915550465568,1.0,0.34518229166666664,False,3.5,69
211,False,207,pre_skip,0.0,0.0,0.0,0.0,False,3.516667,
212,False,207,pre_skip,0.0,0.0,0.0,0.0,False,3.533333,
213,True,210,motion,3.16836627234699,0.057030592902245825,0.5,0.3448350694444444,False,3.55,70
214,False,210,pre_skip,0.0,0.0,0.0,0.0,False,3.566667,
215,False,210,pre_skip,0.0,0.0,0.0,0.0,False,3.583333,
216,True,213,motion,3.0740940116370448,0.055333692209466816,0.5299999713897705,0.3461675347222222,False,3.6,71
217,False,213,pre_skip,0.0,0.0,0.0,0.0,False,3.616667,
218,False,213,pre_skip,0.0,0.0,0.0,0.0,False,3.633333,
219,True,216,motion,10.410607239905506,0.18739093031829912,0.976190447807312,0.3497439236111111,False,3.65,72
220,False,216,pre_skip,0.0,0.0,0.0,0.0,False,3.666667,
221,False,216,pre_skip,0.0,0.0,0.0,0.0,False,3.683333,
222,True,219,motion,7.0741923511442275,0.12733546232059612,0.6974999904632568,0.35399305555555555,False,3.7,73
223,False,219,pre_skip,0.0,0.0,0.0,0.0,False,3.716667,
224,False,219,pre_skip,0.0,0.0,0.0,0.0,False,3.733333,
225,True,222,motion,10.334195974252657,0.18601552753654785,0.994413435459137,0.3525390625,False,3.75,74
226,False,222,pre_skip,0.0,0.0,0.0,0.0,False,3.766667,
227,False,222,pre_skip,0.0,0.0,0.0,0.0,False,3.783333,
228,True,225,motion,3.241222964279149,0.05834201335702469,0.4749999940395355,0.3536111111111111,False,3.8,75
229,False,225,pre_skip,0.0,0.0,0.0,0.0,False,3.816667,
230,False,225,pre_skip,0.0,0.0,0.0,0.0,False,3.833333,
231,True,228,motion,3.1492782393451457,0.05668700830821263,0.48750001192092896,0.3532204861111111,False,3.85,76
232,False,228,pre_skip,0.0,0.0,0.0,0.0,False,3.866667,
233,False,228,pre_skip,0.0,0.0,0.0,0.0,False,3.883333,
234,True,231,motion,10.49587942533599,0.18892582965604787,0.9880239367485046,0.3540494791666667,False,3.9,77
235,False,231,pre_skip,0.0,0.0,0.0,0.0,False,3.916667,
236,False,231,pre_skip,0.0,0.0,0.0,0.0,False,3.933333,
237,True,234,motion,7.0560303893637215,0.127008547008547,0.7024999856948853,0.35393663194444447,False,3.95,78
238,False,234,pre_skip,0.0,0.0,0.0,0.0,False,3.966667,
239,False,234,pre_skip,0.0,0.0,0.0,0.0,False,3.983333,
240,True,237,motion,10.590198022195894,0.1906235643995261,0.8787878751754761,0.35639756944444445,False,4.0,79
241,False,237,pre_skip,0.0,0.0,0.0,0.0,False,4.016667,
242,False,237,pre_skip,0.0,0.0,0.0,0.0,False,4.033333,
243,True,240,motion,3.1663998162447724,0.05699519669240591,0.48750001192092896,0.3529079861111111,False,4.05,80
244,False,240,pre_skip,0.0,0.0,0.0,0.0,False,4.066667,
245,False,240,pre_skip,0.0,0.0,0.0,0.0,False,4.083333,
246,True,243,motion,3.049670346456735,0.05489406623622124,0.48750001192092896,0.3516579861111111,False,4.1,81
247,False,243,pre_skip,0.0,0.0,0.0,0.0,False,4.116667,
248,False,243,pre_skip,0.0,0.0,0.0,0.0,False,4.133333,
249,True,246,motion,10.550633898651519,0.18991141017572735,0.9532163739204407,0.3553689236111111,False,4.15,82
250,False,246,pre_skip,0.0,0.0,0.0,0.0,False,4.166667,
251,False,246,pre_skip,0.0,0.0,0.0,0.0,False,4.183333,
252,True,249,motion,7.132442843076789,0.12838397117538222,0.6924999952316284,0.3552560763888889,False,4.2,83
253,False,249,pre_skip,0.0,0.0,0.0,0.0,False,4.216667,
254,False,249,pre_skip,0.0,0.0,0.0,0.0,False,4.233333,
255,True,252,motion,10.456035783473036,0.18820864410251467,1.0,0.3554817708333333,False,4.25,84
